{
  "real_data_stats": {
    "n_groups": 289,
    "n_amounts": 1734,
    "mean": 8.333333333333334,
    "std": 5.364178376054861,
    "min": 0.11,
    "max": 38.61,
    "median": 7.805,
    "skewness": 0.6863449876968938,
    "kurtosis": 0.713812552196516
  },
  "simulated_data_stats": {
    "n_groups": 200,
    "n_amounts": 1200,
    "mean": 8.333333333333334,
    "std": 5.243757452649981,
    "min": 0.01,
    "max": 28.79,
    "median": 7.915,
    "skewness": 0.5368426482244149,
    "kurtosis": 0.06212204695621404
  },
  "test_results": {
    "kolmogorov_smirnov": {
      "statistic": 0.03590253748558247,
      "p_value": 0.31052131963852747,
      "passed": true
    },
    "welch_t_test": {
      "statistic": 0.0,
      "p_value": 1.0,
      "passed": true
    },
    "mann_whitney_u": {
      "statistic": 1037346.5,
      "p_value": 0.8923498870126889,
      "passed": true
    }
  },
  "discrete_nature_validation": {
    "real_is_multiple_of_0_01": true,
    "simulated_is_multiple_of_0_01": true,
    "real_min_amount": 0.11,
    "simulated_min_amount": 0.01,
    "real_zero_count": 0,
    "simulated_zero_count": 0
  }
}