{"mean": [8.276020050048828, 8.622249603271484, 8.397890090942383, 7.994082450866699, 8.192802429199219], "std": [4.842531681060791, 4.835774898529053, 5.023401260375977, 5.3956217765808105, 5.90409517288208]}